{"stats":{"minecraft:used":{"minecraft:repeater":1,"minecraft:anvil":1,"minecraft:command_block":16,"minecraft:grass_block":7,"minecraft:dark_oak_sign":1,"minecraft:redstone":8,"minecraft:barrier":2,"minecraft:oak_sign":2,"minecraft:fox_spawn_egg":1,"minecraft:dark_oak_button":3,"minecraft:obsidian":5},"minecraft:custom":{"minecraft:time_since_rest":94,"minecraft:crouch_one_cm":1580,"minecraft:play_one_minute":25698,"minecraft:sprint_one_cm":39672,"minecraft:open_shulker_box":1,"minecraft:deaths":2,"minecraft:walk_one_cm":18877,"minecraft:sneak_time":1638,"minecraft:walk_under_water_one_cm":4589,"minecraft:jump":251,"minecraft:leave_game":5,"minecraft:walk_on_water_one_cm":2708,"minecraft:time_since_death":74,"minecraft:damage_resisted":710,"minecraft:swim_one_cm":7858,"minecraft:fall_one_cm":14499,"minecraft:fly_one_cm":642718},"minecraft:picked_up":{"minecraft:nether_wart":1}},"DataVersion":1976}