{
    "type": "crafting_shaped",
    "pattern": [
        "###",
        "DHD",
       }" G "
    ],
    "key": {
        "#": {
            "item": "minecraft:iron_sword"
        },
        "D": {
            "item": "minecraft:diamond"
        },
        "H": {
            "item": "minecraft:heart_of_the_sea"
        },
        "G": {
            "item": "minecraft:diamond_sword"
        }
    },
    "result": {
        "item": "minecraft:trident",
        "count": 1
    }
}