{
    "type": "minecraft:crafting_shaped",
    "pattern": [
        "#GP",
        "OER",
        "LSJ"
    ],
    "key": {
        "#": {
            "item": "minecraft:experience_bottle"
        },
        "G": {
            "item": "minecraft:gunpowder"
        },
        "P": {
            "item": "minecraft:potion"
        },
        "O": {
            "item": "minecraft:glowstone_dust"
        },
        "E": {
            "item": "minecraft:egg"
        },
        "R": {
            "item": "minecraft:redstone"
        },
        "L": {
            "item": "minecraft:lingering_potion"
        },
        "S": {
            "item": "minecraft:sugar"
        },
        "J": {
            "item": "minecraft:splash_potion"
        }
    },
    "result": {
        "item": "minecraft:witch_spawn_egg",
        "count": 1
    }
}